20200630,134529882,786558,4,0.9070619,G2FormationPace,360Video,ERP,7680,3840,10s,29.97fps,crf10,120957k,8bit,H265
20200630,135553819,1410495,4,1.3117574,G2FormationPace,360Video,ERP,7680,3840,10s,29.97fps,QP22,30206k,8bit,H265
20200630,135222956,1199632,4,0.9060958,G2FormationPace,360Video,ERP,7680,3840,10s,29.97fps,QP27,15079k,8bit,H265
20200630,135103023,1119700,3,1.3944573,G2FormationPace,360Video,ERP,7680,3840,10s,29.97fps,QP32,7561k,8bit,H265
20200630,135309523,1246200,3,0.9324658,G2FormationPace,360Video,ERP,7680,3840,10s,29.97fps,QP37,3798k,8bit,H265
20200630,135235063,1211740,2,0.9590705,G2FormationPace,360Video,ERP,7680,3840,10s,29.97fps,QP42,1754k,8bit,H265
20200630,134722782,899459,4,0.6173215,G2FormationPace,360Video,ERP,6144,3072,10s,29.97fps,crf10,88060k,8bit,H265
20200630,135051016,1107693,4,1.5633637,G2FormationPace,360Video,ERP,6144,3072,10s,29.97fps,QP22,21564k,8bit,H265
20200630,134637159,853836,4,0.8203175,G2FormationPace,360Video,ERP,6144,3072,10s,29.97fps,QP27,10890k,8bit,H265
20200630,134758263,934940,4,2.0223021,G2FormationPace,360Video,ERP,6144,3072,10s,29.97fps,QP32,5506k,8bit,H265
20200630,135148831,1165508,3,0.7511315,G2FormationPace,360Video,ERP,6144,3072,10s,29.97fps,QP37,2741k,8bit,H265
20200630,134734627,911303,2,1.0238187,G2FormationPace,360Video,ERP,6144,3072,10s,29.97fps,QP42,1228k,8bit,H265
20200630,134857506,994182,4,1.0028774,G2FormationPace,360Video,ERP,4096,2048,10s,29.97fps,crf10,48673k,8bit,H265
20200630,135332990,1269667,4,1.0846147,G2FormationPace,360Video,ERP,4096,2048,10s,29.97fps,QP22,11921k,8bit,H265
20200630,134541019,797696,3,0.9805378,G2FormationPace,360Video,ERP,4096,2048,10s,29.97fps,QP27,6091k,8bit,H265
20200630,135515933,1372610,3,0.7440164,G2FormationPace,360Video,ERP,4096,2048,10s,29.97fps,QP32,3042k,8bit,H265
20200630,135354849,1291525,2,0.7549664,G2FormationPace,360Video,ERP,4096,2048,10s,29.97fps,QP37,1454k,8bit,H265
20200630,135505075,1361752,2,1.4796176,G2FormationPace,360Video,ERP,4096,2048,10s,29.97fps,QP42,616k,8bit,H265
20200630,135137840,1154517,4,2.2071078,G2FormationPace,360Video,ERP,3600,1800,10s,29.97fps,crf10,40026k,8bit,H265
20200630,134833716,970393,3,1.0757714,G2FormationPace,360Video,ERP,3600,1800,10s,29.97fps,QP22,9834k,8bit,H265
20200630,134647982,864658,3,0.7147158,G2FormationPace,360Video,ERP,3600,1800,10s,29.97fps,QP27,5028k,8bit,H265
20200630,135016523,1073200,4,0.8838287,G2FormationPace,360Video,ERP,3600,1800,10s,29.97fps,QP32,2494k,8bit,H265
20200630,134711529,888206,2,1.279319,G2FormationPace,360Video,ERP,3600,1800,10s,29.97fps,QP37,1181k,8bit,H265
20200630,135615858,1432535,2,1.1308668,G2FormationPace,360Video,ERP,3600,1800,10s,29.97fps,QP42,498k,8bit,H265
20200630,135604610,1421287,3,0.7435389,G2FormationPace,360Video,ERP,2048,1024,10s,29.97fps,crf10,15940k,8bit,H265
20200630,134908833,1005509,3,1.293454,G2FormationPace,360Video,ERP,2048,1024,10s,29.97fps,QP22,3928k,8bit,H265
20200630,135343959,1280636,3,0.906692,G2FormationPace,360Video,ERP,2048,1024,10s,29.97fps,QP27,1950k,8bit,H265
20200630,135210928,1187605,2,1.1481118,G2FormationPace,360Video,ERP,2048,1024,10s,29.97fps,QP32,921k,8bit,H265
20200630,135027671,1084348,2,1.0912887,G2FormationPace,360Video,ERP,2048,1024,10s,29.97fps,QP37,412k,8bit,H265
20200630,134954217,1050894,1,1.2657835,G2FormationPace,360Video,ERP,2048,1024,10s,29.97fps,QP42,167k,8bit,H265