20200630,150432726,1382356,5,0.8006163,G2FormationPace,360Video,ERP,7680,3840,10s,29.97fps,crf10,120957k,8bit,H265
20200630,150136074,1205704,5,0.8803841,G2FormationPace,360Video,ERP,7680,3840,10s,29.97fps,QP22,30206k,8bit,H265
20200630,145712030,941661,5,0.9499515,G2FormationPace,360Video,ERP,7680,3840,10s,29.97fps,QP27,15079k,8bit,H265
20200630,145930224,1079854,5,1.04929,G2FormationPace,360Video,ERP,7680,3840,10s,29.97fps,QP32,7561k,8bit,H265
20200630,145352068,741698,4,1.0731175,G2FormationPace,360Video,ERP,7680,3840,10s,29.97fps,QP37,3798k,8bit,H265
20200630,150409146,1358776,3,0.7450066,G2FormationPace,360Video,ERP,7680,3840,10s,29.97fps,QP42,1754k,8bit,H265
20200630,150310304,1299934,5,1.086892,G2FormationPace,360Video,ERP,6144,3072,10s,29.97fps,crf10,88060k,8bit,H265
20200630,150159408,1229038,4,1.644306,G2FormationPace,360Video,ERP,6144,3072,10s,29.97fps,QP22,21564k,8bit,H265
20200630,145648149,917779,4,1.0783655,G2FormationPace,360Video,ERP,6144,3072,10s,29.97fps,QP27,10890k,8bit,H265
20200630,145415356,764986,4,1.2843239,G2FormationPace,360Video,ERP,6144,3072,10s,29.97fps,QP32,5506k,8bit,H265
20200630,145636811,906441,2,1.4550026,G2FormationPace,360Video,ERP,6144,3072,10s,29.97fps,QP37,2741k,8bit,H265
20200630,150321268,1310898,2,0.6492792,G2FormationPace,360Video,ERP,6144,3072,10s,29.97fps,QP42,1228k,8bit,H265
20200630,150236268,1265898,5,1.4283371,G2FormationPace,360Video,ERP,4096,2048,10s,29.97fps,crf10,48673k,8bit,H265
20200630,145831302,1020932,4,0.9001313,G2FormationPace,360Video,ERP,4096,2048,10s,29.97fps,QP22,11921k,8bit,H265
20200630,150003744,1113375,5,1.3791342,G2FormationPace,360Video,ERP,4096,2048,10s,29.97fps,QP27,6091k,8bit,H265
20200630,150027089,1136719,3,2.0814563,G2FormationPace,360Video,ERP,4096,2048,10s,29.97fps,QP32,3042k,8bit,H265
20200630,145526843,836473,2,1.41395,G2FormationPace,360Video,ERP,4096,2048,10s,29.97fps,QP37,1454k,8bit,H265
20200630,145501644,811274,2,0.8106557,G2FormationPace,360Video,ERP,4096,2048,10s,29.97fps,QP42,616k,8bit,H265
20200630,145855050,1044680,4,2.6357353,G2FormationPace,360Video,ERP,3600,1800,10s,29.97fps,crf10,40026k,8bit,H265
20200630,150224696,1254327,3,3.8209959,G2FormationPace,360Video,ERP,3600,1800,10s,29.97fps,QP22,9834k,8bit,H265
20200630,145734247,963877,3,1.1405262,G2FormationPace,360Video,ERP,3600,1800,10s,29.97fps,QP27,5028k,8bit,H265
20200630,145625028,894658,3,1.0443144,G2FormationPace,360Video,ERP,3600,1800,10s,29.97fps,QP32,2494k,8bit,H265
20200630,150123990,1193620,2,1.1229018,G2FormationPace,360Video,ERP,3600,1800,10s,29.97fps,QP37,1181k,8bit,H265
20200630,150147155,1216785,1,0.9550291,G2FormationPace,360Video,ERP,3600,1800,10s,29.97fps,QP42,498k,8bit,H265
20200630,150258944,1288574,3,1.6022497,G2FormationPace,360Video,ERP,2048,1024,10s,29.97fps,crf10,15940k,8bit,H265
20200630,145549988,859618,3,1.5597342,G2FormationPace,360Video,ERP,2048,1024,10s,29.97fps,QP22,3928k,8bit,H265
20200630,150332554,1322185,2,1.2339357,G2FormationPace,360Video,ERP,2048,1024,10s,29.97fps,QP27,1950k,8bit,H265
20200630,150210768,1240398,3,1.3025312,G2FormationPace,360Video,ERP,2048,1024,10s,29.97fps,QP32,921k,8bit,H265
20200630,150444020,1393650,1,1.2327296,G2FormationPace,360Video,ERP,2048,1024,10s,29.97fps,QP37,412k,8bit,H265
20200630,145952217,1101847,1,0.9880275,G2FormationPace,360Video,ERP,2048,1024,10s,29.97fps,QP42,167k,8bit,H265